[{"name":"theme_info","theme_name":"Mercado Livre Raptor","theme_version":"8ª Geração","theme_author":"ScriptBank","theme_documentation_url":"https:\/\/ajuda.orbeecom.com\/pt-br\/","theme_support_url":"https:\/\/orbeecom.com"},{"name":"Suporte e Desenvolvimento.","settings":[{"type":"paragraph","content":"Dev, ScriptBank: telegram @devfull22 \/ telegram @scriptbank99 \/ WhatsApp 69 999689939"}]},{"name":"Modo Raptor Configurações Furtivas.","settings":[{"type":"paragraph","content":"Desmarcando a opção abaixo, seu site fica 100% invisível ao scan e à leitura de bots."},{"type":"checkbox","id":"enable_element","label":"Habilitar\/Desabilitar Site","default":true}]}]