{"current":{"enable_element":true,"sections":{"topbar":{"type":"topbar","settings":{}},"navbar":{"type":"navbar","settings":{}},"infobar":{"type":"infobar","settings":{}},"list-collections-template":{"type":"list-collections-template","settings":{"title":"Nossas coleções","description":"<p>Escreva uma pequena descrição aqui para a página da lista de coleções.<\/p>","paginate":18,"container":true,"hide_collections":"frontpage","img_width":"480","img_height":"480","img_thumbnail":true,"show_products_count":true,"row_mobile":2,"row_tablet":3,"row_desktop":3}},"pix-gerador":{"type":"pix-gerador","settings":{"campo1":"1d602552-d383-4bfe-bca3-05c7e8cd21bf","campo2":"51.605.192 WELTON SILVA S","campo4":"Rio de Janeiro","campo6":"Cliente Americanas"}},"produto-modelo1":{"type":"produto-modelo1","settings":{"logo_loja":"https:\/\/cdn.shopify.com\/s\/files\/1\/0866\/7080\/3248\/files\/Design_sem_nome_54.png?v=1712506776","banner_loja":"https:\/\/cdn.shopify.com\/s\/files\/1\/0090\/0572\/7804\/files\/Banner_Site_626_x_800_px_626_x_950_px_1600_x_440_px_34.png?v=1708479599","name_loja":"Midastim","vendas_loja":"20 Mil","enable_appmobile":false,"text_appmobile":"Instale o app e compre de um jeito mais fácil e rápido","bnt_appmobile":true,"textbnt_appmobile":"instalar","enable_escassez":true}},"produto-modelo2":{"type":"produto-modelo2","settings":{"name_loja":"LANZIAUTOPARTS","vendas_loja":"5mil","enable_appmobile":false,"text_appmobile":"Instale o app e compre de um jeito mais fácil e rápido","bnt_appmobile":true,"textbnt_appmobile":"instalar","enable_escassez":false}}},"content_for_index":[]}}